Id,Value (M)
280,100.0
569,40.58463129962144
8731,95.14679183254277
10085,65.29413735375846
9831,19.382855445843116
7346,86.7213066177216
10496,31.100463136465393
8318,64.40909472011003
17589,8.406651360036399
3615,20.62614314643558
1303,45.773731875358756
9425,93.64442131406278
108,52.158051261919155
15757,9.307256784657946
8768,74.24487991978236
15149,52.956479614060335
3442,47.050511306680086
11995,0.5477556399718253
6585,0.271137089231277
18,31.15128099617406
15182,58.10630207251267
14631,23.341188843251192
2324,18.585480864067726
1614,2.2854675368977673
17085,10.900833231877971
8561,10.61585827330952
8122,57.6975980134691
412,62.11245376294193
2249,42.307816361967575
2685,25.87345034722667
16094,7.270599292143287
14387,4.5270932017627885
12257,77.4149924626033
2013,71.7074884504233
3988,26.753962070445326
5369,79.94841398862914
13790,60.112718260927736
482,71.99881677027378
7328,8.538684438016897
17121,28.039714956328655
13305,43.45289295487442
16634,59.91763215087386
16766,31.17780284991033
11989,60.83033717983317
177,26.998923189595292
16628,0.8372899864888428
8120,52.306256299338195
4069,21.42404981104701
5618,23.023302594302574
11309,86.37202426902446
15007,81.5081247514392
2019,69.8368868063564
10905,3.766462863475273
14866,96.49437528095443
2099,77.76426039875463
14183,31.98119717748954
3839,37.49899122597583
9164,54.57211014827942
15227,47.86176512200551
3374,75.12403512927754
5413,14.482607685446336
16516,5.6107991226819305
13373,17.604294402135768
8823,87.75599482709137
11210,98.9981196777194
11486,66.03161778588964
2443,41.778714632668965
7564,59.50870292729273
4263,37.808862668687794
3405,53.37351719945224
14382,9.550019722900572
2662,23.811096926255605
2816,68.63949557082985
5927,46.11260863797001
15028,48.82317774215823
8814,47.994323109474955
12158,92.85699402155817
5833,84.15476678857576
16331,45.30615119181483
5905,43.08577997796866
6523,37.824399421878255
1122,60.93209286481677
14250,27.062655864260808
14604,72.79503181255645
8420,45.88297711144651
16088,56.970249698605436
5088,43.103210776067634
3087,62.40323492152775
16946,41.015074274701355
14846,93.23819268216971
13055,57.906943883371696
3285,39.87178187207717
2597,66.04327990149649
9529,22.069325346170356
1522,38.03239794884136
3987,98.69790482273248
6902,51.04430642913444
3108,57.18235143491985
7026,18.090537576910982
6885,94.44184402838535
10399,3.291847102640766
8395,64.71595204853105
4255,2.6228370390404487
16589,9.018630819538565
12437,74.80568021460545
369,65.90238782002855
13474,15.97413797585907
16333,11.778603033401291
16219,39.420175927279566
15651,43.56587528524921
7171,0.4631079005509853
2709,40.50887387634259
12293,49.95499817271298
14738,13.767067024215718
14039,91.56099418861076
3755,93.15087037957521
6373,37.10679199719955
682,42.38069654005084
7248,0.3089250987799774
8916,3.824402458079812
6710,42.375264249281756
14360,79.96580732909106
5951,6.334156441656102
3672,35.183275841676476
11867,24.21793497937187
13995,37.3463811815448
6502,49.676946254326104
732,62.31267239041126
9997,89.16126948245655
13434,98.6475079509516
17911,18.10720378725861
3540,89.69961802716325
8031,64.84065609496444
14851,14.320496877982459
12276,45.062296352628415
16859,52.12359634310872
3356,13.163600393917886
10071,12.68744861504657
7726,35.88365572496581
128,3.0222574020269954
17632,40.94807711948207
1991,98.38063072449937
3506,99.58026672064962
2826,53.47661609499199
10611,54.4028496552598
2317,41.014859804233375
15582,69.65944529273462
14400,45.571655188124524
13695,51.777037853063014
17406,16.560852964881555
9339,74.31996426256393
2308,57.9736843478362
16785,37.47283184138245
12846,93.78669927726364
10930,4.474220849753118
8648,24.902403731910482
17739,54.91611180933829
1926,34.02244022467076
12966,80.67579077028533
8075,97.04366912776871
15741,93.56668306196207
15823,55.29281266099596
9944,81.0197669235935
8440,73.76419654515541
15613,36.851733438946944
8638,94.21682792477326
4227,60.227947905648364
14290,42.63507502950436
4936,8.991571935632049
11367,66.7904165630316
5748,57.73781251578425
9489,82.5240572776473
11597,87.95686727215083
8690,84.00340824871897
2017,72.87459072876331
13720,0.04407745443448796
8230,11.80079055023089
14558,55.63405076334392
17767,93.4941050547043
2312,35.53396991394118
11285,36.709012721745616
667,97.77943027483836
9347,81.80379982902652
12638,99.4611384354714
9537,75.25161191359723
9430,40.19192626002093
11439,8.416512458631075
576,35.86528299205452
1110,18.495378128690675
5741,41.78829486135288
11870,26.909443510975162
3219,77.57853376829372
189,19.519598659628812
543,0.47555727637482725
4129,94.8990062791708
14005,5.389957581764393
4651,61.563419523204956
15380,75.21268808411499
10400,20.046668280217904
2605,62.185931580241615
9403,30.27339690343075
16181,35.77283516373866
5687,68.57788520610578
2290,11.494627687504511
6829,16.474046108734264
6436,93.98789910248995
15170,95.76965696317498
17070,87.89557289574891
12526,89.99699737977025
10642,49.386878476072816
1666,11.5615183218868
2270,54.07463243695696
17842,75.55694945212231
4664,97.23555562879822
16081,77.84130210744333
5018,15.749366428101164
5415,87.28564544197518
8459,39.7265881712108
2459,96.07126350253613
16656,12.38599974845206
782,79.96634896747844
14443,71.56603626069602
13069,4.560008643348013
16997,15.180188027316843
3159,1.705407804965542
14031,80.37885301313963
7187,49.55781581892397
15318,76.60019869762121
14057,91.75476034474235
13453,36.500919628908456
7919,51.09967179453575
5872,97.75925567069037
11583,65.2084351321644
6783,30.858589866123786
6034,3.049815711130288
5503,47.59771155486835
7440,61.102625124394464
4985,34.8450507793479
17636,83.7796681430352
14213,49.112690436078985
11889,0.978312146696958
12611,67.91707637345664
13747,95.83849585723715
12772,67.4751038987672
2212,9.446279118533663
5939,74.86954016716325
2199,60.26606561789804
1138,63.19357127646441
13541,83.10803678256191
7835,84.19259492293098
6615,11.877448672583412
10564,68.18345818757282
15017,11.60778447265125
8660,78.25070671864299
9411,34.41429346719603
9886,2.0271670395920927
14792,43.560179383244524
10796,46.469388102216236
8362,81.26902194432242
9191,17.19255434128424
7031,33.81739757540005
10019,66.37321256835378
4991,41.41572306458284
6147,71.98071396066554
6087,96.67028394542263
11941,23.408580533701727
15919,78.05807631626713
15530,8.74569064241384
16296,37.11338370077266
13463,97.2454589069639
845,36.933503872795335
17318,8.70773876249965
9532,55.368137957232
1442,43.032427770797135
6462,0.9123340224847287
11749,98.05838767002577
1265,21.94729530315771
3702,57.193321988190505
13936,3.4313793042001883
16182,19.417683439932276
7790,45.25105745591047
3499,64.2695085228752
8806,36.72511266464916
3476,81.54736928318238
10542,12.296605183047616
321,74.24755220613659
16544,96.03239550071346
563,50.97493548986094
10474,1.5885658710397488
16125,64.83509221791832
10801,47.71014543261782
5090,13.930202353447429
14050,40.87206879030941
13113,57.75815494574211
15029,30.675922384382215
1831,12.678139514110775
6713,64.88696730910459
11683,62.649209875486136
243,87.70327180280107
92,31.46480755717326
1326,77.37533218200562
7539,31.583983507500356
6245,87.62735314731802
6805,78.309843218834
8024,71.09029963982069
4176,69.75554993698032
12556,76.78785313529202
6628,93.7034052975407
17109,35.65335270466198
7145,2.397352442815315
8431,72.9477532524686
4992,65.63545383322591
15353,77.62442150512734
1758,62.68108384092245
2870,40.27114508693267
7530,0.01967696375503314
13372,16.38804816054057
11955,12.030164286287427
17456,53.29722292593567
9727,2.940366019079721
5717,51.443714200220946
10952,28.928302499313062
334,13.7505186431916
11544,40.57315946404747
8083,88.96258677815213
10377,50.38501183061328
13448,56.34019324242946
10476,25.20388202338807
511,51.08896554622977
2288,0.45403352721855583
9288,50.89358940069091
4715,16.07546264088022
5103,7.966780371188442
8111,1.8763298942213735
1556,31.254110955460767
9644,3.686291997389446
12850,36.58912857990397
13147,91.42109659127051
9440,41.86724564802229
14492,41.352545018736954
7535,95.29276247490924
137,28.046583857681327
5661,38.62271446968727
2070,81.92098325999261
12348,92.00610582242714
6835,70.57894007967998
14987,38.905902661022964
14092,69.15487604351127
7284,0.11366089087789799
13970,47.99986986349508
2178,93.17921392669457
568,60.20630580670277
10149,78.0938096608037
1045,33.494070866235035
42,64.56696520214658
2973,40.919540492117676
11837,65.81571154269658
8625,50.95519200302824
16130,99.39469506780941
12889,62.48655701169755
2314,27.850540823319637
4149,38.77329193352236
10342,73.88279660232476
12541,4.522189118170472
1183,20.16814619691887
9319,6.146970350058045
10697,70.67259689082715
9234,87.13562258319392
2722,69.07878635018456
16346,25.049319675300584
9499,37.05636592832043
6826,27.680317529409493
15431,85.39407908026772
17184,85.80121540590255
801,37.63553919545106
2468,93.06691844596996
9698,52.45691897613555
13652,92.56730461920057
4750,31.670262178630782
10046,72.42015214822882
10206,33.12589468653393
13242,13.888903636719519
16425,94.46376460239999
6196,54.94637642199096
6404,53.62536204005847
10464,11.178246444868856
3133,43.67706849324334
8846,34.1620795876902
15800,0.1950110492790702
4668,39.35060630000577
689,84.16530359547794
5165,13.421303262646077
14209,91.54232458984755
7629,26.90253350741727
9780,78.68817027579911
1457,65.19076362478216
12444,10.456818932475564
2800,63.07900337415327
6223,94.7995948402454
597,71.86196358781729
11041,32.829949564245595
11705,84.10911755850266
16157,60.50705773058165
4097,30.3587133888654
3291,45.07714104134969
9069,33.163383672229365
448,31.374519578097924
8965,71.1172446762167
13139,72.3250536570362
13598,50.449731317373534
14236,89.8440441633999
15158,91.73081361706785
15389,25.999597619616253
4676,10.136043068134104
36,63.75767879402613
254,94.6335189653094
17354,68.8261857065711
17753,72.80862958652378
13761,73.98050729490923
14780,65.69124804632253
9102,46.55859148749235
14647,90.25618901758986
491,72.26307410012366
6977,26.88047891024802
12131,64.46841830211353
15481,45.870981281164326
11379,30.150515198332407
11533,10.941564167918195
12657,6.27569529404659
15162,39.811942188241076
10191,15.521301248202146
6141,59.25980807863469
15307,45.795685673518236
12456,33.0149247322529
6764,53.79483087027083
14279,9.164399238434108
3994,60.390293429049734
9132,69.23735616059191
10561,73.82750025116297
15648,82.17347671680822
8641,88.37690430864889
8324,82.84666737401484
3036,7.135313170828939
15859,97.57015454801042
13143,69.27816658442411
13582,8.58712492191872
2444,2.764614147869826
5884,64.25887168318764
9413,42.843434171167324
16527,70.52645778711101
11203,63.422246066130285
7965,65.01200695924479
8737,11.125180663741908
12512,50.06161570428549
14999,95.41044930496257
10139,16.431885617762187
6518,84.33800965399006
13809,66.5752775717436
17322,60.00312056671102
6342,51.83976412348521
13233,15.76053348336377
5723,27.273033019309565
298,50.67940688803009
13600,47.166680473005485
11536,8.65937344908212
9076,16.637361754905854
2164,83.55007497637936
9576,78.98242234400908
13839,93.45244257521166
778,50.727491614121334
10140,43.91453611406325
1195,48.357740986219
11000,94.9935396353472
1337,73.5529716530291
14776,11.877659464002777
16719,38.578914930484686
3749,20.81395332514334
15083,84.67199606192088
11490,84.56469266537134
5192,49.1015917531314
535,89.71289254467248
9469,38.84722977301628
16860,0.8203775535692848
2129,46.0451239703994
5182,33.058137173767236
16083,2.4828990496892356
2339,55.09697504960474
10586,68.10300476737112
12641,28.64603180054398
2806,64.54090049779755
15246,94.09119698725867
5701,34.60630907730734
16757,38.41007053952145
9849,63.43094021540217
9610,79.94605454904323
15011,17.711512622759408
4445,24.664527841800286
3773,21.126696501365917
503,76.59225261627157
14707,17.381603330993045
288,78.31402349540606
4773,8.57852050415433
16559,47.41868027550399
3357,85.71616866471517
400,12.588894896869895
15250,14.804825705550527
1565,77.90477700189653
16165,5.810577543432737
14799,67.80504562543129
16810,44.29814330299941
15222,94.01020766558872
12061,73.26124634025872
4984,88.25715875632292
6386,36.1515142019595
17924,20.9774453579482
3501,63.399676074957576
9605,47.59931972487394
9150,18.545612271148983
2190,4.264190665522971
14853,48.387853235694976
8452,71.69855015965125
5436,13.06009693495337
8607,99.73272819858296
9876,45.60220853901862
8853,38.752402542546314
9748,38.53346979468735
6629,81.94454404861352
3937,27.767556163836794
12226,2.123539286315257
630,97.12941255225633
6016,42.33153230369774
3121,59.341819478944245
11651,66.28649099776568
10975,38.17163277371415
10234,79.0714372418746
9408,31.953478054611438
1446,13.722349017930668
16252,47.02072382902842
6073,78.50700723692015
17047,40.282823220123134
8171,68.88067459570433
16281,63.290334405579095
8749,60.1479238031342
15658,85.38928003814578
760,88.27630428625672
8457,25.36894468015888
1141,17.984695624689117
12853,75.9735358045669
7721,28.78890028580757
9331,57.499189837216456
10486,64.78840577908771
6174,86.54789918288834
5445,66.81182080380249
11143,84.9669017188009
15964,77.70130712366877
7080,58.95642211715365
13824,9.112488367119099
833,83.06280530051802
6770,67.66753713169048
545,2.93627029601925
17714,71.75216680139602
9781,13.52273159258286
9520,43.980712953895384
12658,34.234378088512074
12648,90.22559952216315
9095,69.89919743221179
15319,35.70549810568478
183,16.448479771611023
15372,92.233585798293
5069,4.90978044892606
10659,74.81428388301339
10623,12.914269587768413
13915,92.62941774083961
6869,37.90275224870933
14198,93.85148888699922
3608,58.86043273234187
11830,95.10935258650241
16155,80.18710679665153
4838,12.291693756486621
7380,37.00614244957556
6243,67.25209888765603
4317,4.66754999158171
17558,20.703413799299465
7439,60.65321197162971
10217,36.728528241162785
12670,9.68343696100371
14977,60.49369619258705
9770,50.740151312483185
16128,52.29744132169915
8479,72.08855464983111
8454,31.060520822330627
6880,91.55609582562786
610,89.03274593277003
17432,73.89176776216667
13027,12.550001394953124
14739,76.77207669683493
1051,52.7406900819414
4828,38.57870176993241
5135,92.41466023229302
8273,74.48363784876723
11900,91.30747444062057
4953,29.37305212740152
3594,16.050132373117354
6158,84.44213796307119
16220,54.18734457376465
10628,2.4586058371517727
144,52.0255844574453
8698,42.61208336867068
15579,4.394507130339442
7759,22.386122575643974
2981,68.0685118904541
11634,84.54911673680313
17738,58.932206277640574
15285,48.59890730455649
14670,38.34034416058615
6819,22.51724580400507
2857,56.89414417633832
16698,86.75721054510778
11606,1.7888350362872285
7778,1.3665265874218235
6643,39.843750994614155
5442,31.022567808874403
15997,11.914934223580588
1856,95.98988549346487
5558,89.02944910998811
9540,63.41564522440755
12978,38.72987750430945
17067,59.741192664112056
12741,24.570186524213934
3447,70.94132692898046
11222,11.873971497897207
14589,41.301445059374956
10608,42.453009947486024
17277,75.6838424040044
11448,35.54822702438282
2998,55.578859746562
5883,64.5660754737955
1929,45.74864536805112
16063,24.007288706262987
15412,45.94501232029465
13782,27.068237448045895
6200,6.585268971107416
13490,44.59863060444279
16892,18.66105173552085
16644,58.89416015430102
17968,15.528475879436865
14418,20.79493139897759
16619,93.31081385281743
16738,23.46603138031216
17188,62.990007697567115
13770,95.11185400623715
11162,68.03502134513171
13815,52.90090578091253
5754,1.3100964262845793
11954,6.81238842630556
5936,99.43696603679963
1047,97.12305519624184
4467,42.21092912052752
1618,41.673436252533214
17472,86.13373322291687
1309,25.228398821561193
11357,91.48879099451305
1964,75.22940722715872
12886,52.584700094843214
9173,40.036230517885926
605,82.3298749837439
5669,81.16999737836784
10024,34.53917628344174
6842,95.828012804569
17129,73.96258358396821
2946,84.95494975304453
7751,71.40896858525696
15407,56.76488298982532
9929,34.91905282312639
2978,3.4321055871601613
9061,97.42617161360822
2583,48.852004850364736
7166,0.5671017830248481
7370,22.792672613929142
13626,89.13046800010821
1087,30.98576938459985
446,0.5229436943609556
11994,41.05758955278975
9409,9.12157500003813
11507,61.393370819977534
12125,25.124890855973348
4059,68.10729590637531
10322,30.959120562806717
8041,86.99011293462134
14685,63.54655567985704
17592,74.0985563086887
6866,62.96653298408606
1466,83.69366268553678
1913,99.16844337674438
9189,33.235442725920464
12281,62.27697739724151
16376,86.4183047526946
4685,33.733349258681855
4054,30.258221537828245
5501,60.51875542796565
10265,2.290566640579994
6863,20.138281079319142
8755,9.732271262865865
9592,8.927216785355508
9837,75.56640791145726
12017,75.06467931752961
17316,36.254143719269564
756,20.20260473469738
4918,11.722487615122468
3611,22.09952385570849
3841,76.63410130813662
12662,47.14131090074224
10214,58.45367802412481
4383,75.33639356239328
3864,50.29165949373009
7458,11.096076551552624
2268,49.8858051646523
9641,54.33027216604339
9291,73.24758899862776
5267,76.55495681343352
1295,31.032091064036283
2772,19.352289204948004
10302,82.36250364864983
12811,91.81949381053312
12993,53.93738049109579
11035,42.01080814356886
5099,1.4751109775034132
2747,70.19174371855344
541,49.751209177615316
785,52.446145114176154
3198,48.50929011500561
3583,94.01727497272812
961,64.69703441886766
17819,22.89381478452528
3245,77.8074040915327
5446,64.55004855450316
553,89.48750568206411
3772,30.372540526525405
14959,48.08554502102034
10712,59.47899715303857
10908,13.285308277959306
5497,61.684323599488756
5995,35.972483677405606
525,35.66810570282556
3383,64.62085486351495
7164,72.61039291610665
3818,71.19668750577968
8522,84.87481090078023
17444,83.93731122916456
3296,54.20504874085513
15521,13.913101752141666
1501,39.41028015089144
11771,61.62840638575216
13426,66.94607817104557
2669,11.07335944312644
1278,35.56031659590458
12489,13.634521958363631
6409,47.679367916455526
13148,12.14160669719534
6642,98.34092849951111
10993,36.8557468744525
12463,49.375702149790804
14067,61.1222989338288
14766,98.55211832069928
5780,55.388307260399294
11985,27.71615007734679
16758,67.34196000290008
11293,69.38191574742943
15283,35.15707642484672
13141,57.01493201861268
1333,24.188143330554446
7728,85.80425450518726
2293,3.947913811046888
9094,48.96680086586124
16933,5.869384372967302
10690,52.49703172454482
5579,88.39519631572614
10079,76.55787948869994
11844,58.731200910414
11538,67.83352947391688
12900,24.170679618064415
5036,69.05396143907836
11992,92.82230560431856
15627,73.76746630216292
8704,80.6399088570986
3551,60.86977114235862
10485,20.604874259280525
12325,64.06863340932998
17755,39.463388502431705
4919,38.454586265264055
13742,66.72243614497519
7889,87.64513163385507
5954,99.50491640395586
7745,45.005298198404866
3456,50.06201121740737
15577,33.98059337312315
6463,81.45491673941937
3975,63.62812796654125
4146,89.55099106893383
843,37.54552724457984
15231,62.29450698205889
11475,73.3001728080401
16429,43.64604757868632
13703,14.599013865038534
1884,60.19334588379384
7118,69.73951202309723
12071,50.23284061492303
11773,29.98161531645366
1007,82.74048456533164
13344,50.10597464313826
7387,69.56419005050618
13913,49.46280646913919
4820,6.273879450404651
2107,82.08616657035338
8570,41.795785243716196
16464,46.9799228994231
7588,49.855738181230855
11048,67.08555937052223
542,40.67730119183588
7368,22.735092961587643
2799,58.62615816249702
12864,91.1636899218175
8962,9.452336735665446
9229,58.26460824424448
14007,96.73890763177101
16073,66.16557791454846
2808,70.2565213411208
7946,69.2178688902514
6503,88.85178078750367
9804,18.572820769119815
2063,1.9147014650417349
12602,45.588417297745146
3035,76.29688762143215
3907,99.06695214750313
6215,30.01723561737374
3106,86.79214277511393
10835,4.225031813680735
5555,39.292222365422646
9279,97.61687696223514
2889,67.25995405271476
3985,12.150269852405504
17030,36.733849860419724
8299,32.605324218072674
14852,62.251774528468296
10539,63.84399675939106
2047,85.22605310106097
4727,64.22675062482047
3552,5.889501084464833
16604,7.352646646761729
14353,37.8998436498651
3767,79.60054082447503
17502,71.85340187272836
13752,95.77904832273049
5918,49.38989549501177
1635,11.178581313384484
6125,15.757041918865689
15334,22.875876410152497
1486,55.96949810804952
1762,79.00940081723554
8837,65.08701042830928
5668,35.49197958144858
8207,94.43198917679896
12941,33.889032344132495
6384,0.7022638609501142
1576,13.783768551137266
4895,61.87878193335625
2091,35.91849918334855
6517,39.17352363594355
16043,72.50888464341875
10902,75.15246443494475
11934,82.32747177597346
15740,83.76286994126238
16210,13.53405541029835
9085,3.1492766415913254
8972,27.463806092579222
1659,55.1106367270198
12026,51.47805440375345
786,33.934967513343295
14352,59.17289548837198
11084,80.62479906603869
7441,87.94575960248798
1311,20.830969593043925
9836,63.497227768734675
8551,68.07579080516439
9752,79.614906433364
8255,82.53656417180842
17116,59.45337757932864
17320,63.088566949198245
5084,91.47347171845325
14662,7.70102299364317
15270,15.63897821555863
15628,83.24759489672556
10091,18.319262854858266
12199,26.266181992660364
13132,13.55231665869705
12259,31.29728567040089
3428,47.66826290850259
16065,83.54630393925481
14906,71.56557054283016
12397,44.19442052486456
10482,7.170567087586111
14971,22.826227535485533
16598,13.136217251351813
7250,39.558822756789944
13282,26.000610378776734
11329,39.74837744357366
6824,38.917648384662954
4542,31.362454644869953
4852,89.06272054523558
13829,6.524602862113504
12702,94.27905539657816
12192,97.91225362517292
262,34.24951643248944
7723,22.613483172217375
9247,25.555804953028737
11839,32.983500139911435
7783,95.71586094673627
6564,54.04793876260386
5451,24.896169706349635
3951,44.921654856261604
2664,40.313849919101386
13376,21.208922490194503
11472,13.468689073737828
7182,81.55583307745123
10493,53.01281972629046
800,76.89610443587776
16603,35.605080606733154
10868,47.60174862803969
10833,89.40134585219613
14188,9.725319330276106
1422,87.2955264548149
16382,75.12670637039666
10797,20.415955370845275
13260,92.507362665675
7923,81.274399272713
3010,76.06450457191573
3879,97.61692411565328
4469,66.9066796037275
9141,9.379052383307984
41,64.39244519019056
7438,19.080509989334182
11515,90.61596877631992
4147,61.496612682019816
12329,81.03914805074174
16993,46.257897444543936
595,5.15903870158877
6631,18.917783128194166
16607,91.03726626888144
13439,80.98800499386837
10840,84.06843643981313
4591,98.80315665953931
10782,68.74365198636954
17644,73.10315733496189
15129,47.199039653901266
3211,53.738810275688046
4096,2.1060737630803628
6080,90.58905350483309
2546,12.45758109010573
17832,1.670731350249366
414,2.627840793813574
10338,55.63341226611948
3284,54.396072922467695
9984,40.94787436021312
12484,98.56616296247759
8786,95.77748834537874
9931,39.62705524822038
1411,20.983314824534972
9204,70.87673754100852
11913,45.3154045729709
12022,67.97996057859262
6062,97.74517901663626
16282,22.403837359472124
11387,43.53421792888722
6351,53.138060038659596
10147,48.020734279582655
12724,74.07199019860167
1629,86.78612619585302
2335,21.399300087367546
6490,99.90620788736277
2724,92.27634551599498
797,56.97165185842369
4646,22.279150904719202
17020,54.94639532666709
9112,78.54956664224116
68,80.84760868533112
87,6.28453877110946
15446,96.97504305204416
2548,12.060940571165101
15505,21.363559266161303
16214,21.56839185397198
12904,57.59326399895315
16439,91.64247837561578
441,41.0386780712389
5188,29.50479300087415
3604,77.19199286263405
4138,46.86771171005446
15352,49.58010285220597
5310,34.71420306951145
4570,46.68323444929246
14491,69.55447251810519
16451,44.42298997061853
2761,90.32554178078547
7856,79.50737098888528
17959,45.237423563926484
8121,10.004127119060557
11568,76.18971458996864
17414,85.5972546365249
17094,56.055269663535036
17267,96.35965722307915
5640,54.34433968949818
15086,90.13816463130892
17181,75.5973922678239
3844,16.704312710620073
9267,93.55966150606831
7194,81.27744913436291
3887,74.72782056289776
3103,28.42518574253967
13873,45.013498624388816
16708,47.249128160608755
6641,92.85994981354335
7509,90.25198416917237
10078,3.054748384114825
6279,68.24361894749558
4397,15.944958975543088
12979,80.89561422463818
8940,39.514768608769145
6492,5.278645499576006
6575,73.7356415747968
1530,64.2065677883281
2189,29.82058393251552
3533,16.2087331701002
2151,0.08625900399286124
2595,36.70148831602974
5524,45.31806213102648
13816,51.318779138509754
1139,82.60282335376317
15899,56.55293058074036
14458,49.605117991337046
11611,47.76343430020206
11369,34.16345163197509
16045,88.74565731406331
10891,31.206425067794207
4008,10.829214893473404
5483,51.33811373979243
3871,45.298913956285666
7500,61.60163585111289
1858,64.46500327129273
7239,96.59794718369034
14642,6.183201213189271
5656,20.605719800164124
11860,29.325943097109697
4777,96.3973293362409
4450,37.0943237064938
17395,56.502155187525545
16158,78.96753158407574
7818,79.81619978011155
6449,0.5257148868869854
16889,92.71754539290288
9852,35.03062390943832
1427,73.8474814416463
13745,49.28811345926303
13771,29.98383314596621
6280,33.12665405918549
12250,83.7317226748676
11110,86.23919977040823
13138,55.81468031889002
1624,51.23253205625261
12065,25.093239724582606
1626,39.24066178143079
490,28.341742118187607
3942,26.833100372242814
2714,63.48295701674783
7806,29.958013979955677
10304,72.66570308817364
4721,63.11226583600716
2545,11.008562738718853
8225,70.56453567582722
11752,37.89251023653686
9508,93.58238668221983
7739,79.55472517653665
7189,72.71341194241712
6768,82.62921671199557
13927,6.07932247297176
6390,25.89267531686993
11599,59.396385487047084
8276,97.96372149330679
17597,80.40957093580762
13540,25.003518043663277
6088,88.19494924995954
12310,49.021238044921134
8852,83.37272882050269
135,78.29481558574581
16518,61.63040517522245
2295,95.19051245432284
17501,66.2816494273302
1617,67.72668306677387
11805,80.8174789936194
13253,7.6279994181758575
4350,2.771568883447917
2735,37.98143317632323
671,58.23591094279471
7566,43.727103608397
9181,55.618022928841334
15810,61.04069963993237
14741,88.09331134703659
10721,52.02708947429051
8800,84.95943487073102
16470,54.47242697511916
17098,7.594003858612153
4316,2.4969757157447425
12490,36.026201028110684
17398,25.101241515178398
17243,72.2871467925968
6660,85.84885325574241
8933,49.59827025790936
4249,27.73850632887218
10013,52.35992820840938
7709,86.79088907202721
11519,53.79896949179644
6171,71.29566921055259
11360,34.887964452531186
5851,84.52960681517389
4628,70.80088955176636
5123,38.11666784723522
12142,19.690509327042715
7789,85.77188148218801
231,99.41263567196074
6282,36.71125217672648
2590,9.887914476527182
17708,1.524419173624858
584,5.103016093296375
6718,7.071226002173169
14216,35.470863193998866
7688,52.61843388871916
9175,50.437957717226666
12469,22.238951635464677
8764,97.91680836888055
7324,74.39155824331647
4261,30.933939044491744
16019,29.307835922861457
10462,6.855258349990356
2442,61.504928605094946
4476,20.61545204097117
4251,52.61701110694001
4857,34.73203502045072
15166,42.19755696931398
7136,94.93069595884607
5708,48.28515428951143
12144,27.619470952378933
17809,50.77166052636415
6422,90.4530134825592
252,34.62249710947043
9994,7.91951248003847
14800,3.1509043431828476
5540,29.874970856500816
13840,94.14389877720426
13973,23.51115879108131
13525,5.786524898740497
16625,5.030663220914255
16896,91.46943729710846
16037,71.46762173124155
14580,2.512397416043366
4421,83.2600693596116
11140,5.310686842185463
5858,73.41540563217026
9509,37.22388296659565
1555,14.479027460967764
10824,27.498200167491184
8982,31.4873951871116
2272,62.383979811683155
1189,2.845974888369762
95,31.39928632008041
16611,63.832614939271316
15846,94.0715240716843
7848,13.134063547260144
12263,71.31498441884216
13799,78.8105003821069
12628,34.214187617882274
1698,51.57152715202873
14538,52.23433264533757
15206,59.1064311198861
16435,17.544947960589997
3369,19.635638903370612
14346,90.73227606072346
1882,54.52428301662254
17509,74.3752200115485
7154,53.881314883358534
15883,45.071958486300964
17033,60.640049751680834
11181,2.5939670721559005
8286,22.679558532257595
12704,49.50414641741647
7029,70.89038222484677
11465,5.028507800034754
1321,66.49486193800497
5334,88.20862261166033
818,4.4270571966408045
6421,81.20574747225756
16452,48.972558614707665
11991,25.966885387736006
88,64.05569883733335
5969,5.730620677873466
7453,75.3479345755908
12378,96.90157315948973
15118,75.75101751348889
3514,13.500843770615967
12500,62.28081257316942
1478,15.729218918456144
17931,96.56218526750774
15146,76.49797246999161
8398,77.64686932809019
999,12.08920341723071
17287,79.82782885438331
5528,35.411897930380334
16945,59.847607587467714
12718,43.14377028162092
16982,42.35900654433693
4392,59.89369448292551
11330,93.64291510358149
12308,25.142385934044377
5120,5.205374540585472
15248,90.59703766409338
2774,82.0837980201581
3413,32.43388482217365
11270,31.8080132796274
2852,60.46918800226674
2149,8.85877527149198
12577,31.201287442027382
15452,5.57912194183997
7938,91.13500042032055
5943,66.71169200800398
15026,60.052160204831516
3803,31.121653113660187
11287,93.53230782855633
6484,44.3749962203071
16665,86.4173155685413
3395,14.290037736459071
1034,13.762573800667976
16670,49.03846668806404
7012,94.03790118733966
10185,95.43962514314516
6326,47.705991330383
221,2.582190164480813
210,42.47812428577824
1066,18.37946375562094
7685,34.6497193504403
6900,63.30731180245544
712,40.07898839827511
15411,8.271025162236379
11263,94.08554712622602
1661,54.18314884571676
16818,28.961732768020454
3888,40.64214581725011
2610,7.404330554065586
10585,34.98846416226494
6155,55.597290216944586
1496,76.27565931732573
4695,69.34523943762662
12379,61.10680702301469
8384,32.94753006251143
16915,86.74224820759443
11786,64.39873235400997
4892,99.2617555091881
5624,94.2075706050432
2420,88.49554268940649
17271,77.93864537478738
2932,74.834631262075
14985,70.16470496157834
11096,54.27392698343299
8706,3.621332219111828
6470,66.52098309234809
8680,17.55817902718241
11265,22.90078606559095
8406,1.691062951140776
5299,2.2229696342478955
15237,83.15750507276499
2037,25.646241982462513
17051,37.43076325509968
14668,53.87252331580468
15915,7.224409610271532
17452,7.3004861586912995
4034,58.84691618706485
12509,8.22649810276853
12829,74.92605065804868
11282,73.59786497935352
7735,64.77638518065076
1395,16.75754141570843
9778,38.88536188902162
17887,81.62142981145061
13080,95.4802355720066
14720,23.752463402885237
15960,11.512358785714161
5144,36.9004719447698
8003,19.24467804751604
52,70.37093215607759
9933,75.29018049504641
14633,54.65702321675856
13610,27.620494811937956
1074,76.60318708067271
12863,3.820765392439074
9679,99.0903088109217
7340,31.98509064727536
1038,4.580964955793398
17044,95.71469199764438
3757,93.48819252888894
12212,63.46789533573752
11425,40.983474596893934
11857,10.94954609723332
13509,4.978921776076817
11610,86.38457098850945
11131,90.90902936309779
1727,35.46503248111341
5077,69.88824854178722
6624,84.1067916704196
4233,70.65050352109618
9306,20.072709443503
9791,41.95949576385753
329,21.655003316443576
14807,76.93249490290629
8433,0.3779818825060399
2513,47.46770798155089
1053,81.91193519274913
13491,29.005943890954956
7647,79.51554605821394
7,89.10986183640063
13297,40.18439265634556
8693,67.33936548615172
10663,10.159096874373619
2858,33.30260325138794
3377,89.45002127305827
16113,67.85333420186544
14914,43.74571729698228
12430,32.91261270453846
12006,72.89806140833468
10654,57.512620227888355
5926,43.080644269805276
15134,61.701008986965654
12831,30.692273115765712
10541,23.770017820274237
12340,47.34610062419319
11172,54.93324163822288
1749,61.69344298552954
15402,0.609083039591618
7435,54.2275644394814
8025,88.92157363170388
4680,12.290989474318604
1223,34.62455923614504
245,63.54568801689816
4300,10.832894925338621
6972,63.73889686625319
10043,64.99660179241029
3529,78.80873222027087
8875,37.388761686121086
14954,68.31907724361072
8891,99.26980260523803
1106,21.119803446891606
17733,79.35270426127215
12587,81.05138174527801
16693,65.71496421014011
3858,64.815883821121
17508,1.8043963191370471
11073,92.22955203431634
2142,68.27946342787264
7533,75.93748730970202
12104,30.956866000690685
2490,94.2421165772142
6639,78.81788714528359
9235,18.175908698589417
13342,62.06575835129898
9757,92.93929712417321
7494,96.38582537709543
6445,95.00558816106852
14223,58.28111003614638
12178,8.202566150499813
4850,73.74640407341822
14364,28.96669768596629
4184,10.341183489132389
17978,54.0463047513673
8637,63.86623566807994
14278,29.754388150437848
11563,79.93479574305799
16289,94.78184282694777
14646,34.164754984018856
11578,82.78101434473213
4101,56.779569472230285
12530,44.31298700272473
15819,54.469993080912516
6057,50.22169486994507
17028,31.95580064095126
4051,61.674599230382384
13494,91.66646037207276
5632,13.48540044733978
17235,62.03035436536247
14049,77.60948016611697
4356,96.40540596878641
5086,84.7824029097085
12352,46.168827960821176
10672,96.95458042139752
7186,12.716849831829546
12647,74.85606815562255
6597,58.10132379602892
11362,71.85383334564884
16277,74.34613245360744
13348,97.89957291620529
16927,52.995252197195676
3091,83.71727134114664
13955,68.50177647464034
10716,81.398623357586
2447,98.06760090358544
6468,91.11806650791362
4589,0.30746395956448014
5104,56.013842556973316
5652,52.495443369356344
1088,34.84777472912409
4877,83.18858346161907
12304,32.20610597005531
14367,98.40926794376415
290,65.64263862195119
16413,12.847478650073851
11865,0.07977611690755948
8311,30.7672575321571
5074,50.37008486183346
13650,58.31263776338508
12024,59.40040114037125
9526,47.2461885635417
15210,27.182929575484405
11788,61.958626744532566
14422,17.400574877087514
14357,32.77897307102711
2449,86.32145526814882
13223,4.7149037645032195
8874,43.95248508907071
8623,28.84055297155419
7774,19.806004623863494
9743,79.19655789609448
12854,48.69419659029284
13602,72.95776127392276
17219,87.03411081637657
6278,9.020839478627051
2292,5.433330548764214
16599,24.982928825376195
1212,43.169465410306444
2887,51.54821691679743
9014,15.158370777452978
9017,11.927416647139633
7219,5.463533257742014
13766,75.4706521282608
9249,78.10132845242804
614,47.0711869909392
4426,46.373477271264576
916,3.067657812073943
4362,81.22160116271377
1498,32.099582450133404
9027,8.847809947008333
12462,83.26394999741147
17952,56.42183613424551
10961,17.606200045474008
623,46.66443942773034
378,60.44515733436575
4563,76.0161919839179
6955,6.581203557039894
4425,15.995955184952425
3342,2.334779797769493
16295,99.13804297827902
9773,92.39425542015842
2871,71.36709621250012
5721,78.83094623821574
6069,26.921564583889168
15985,39.692160306000936
6802,32.97154249951348
14424,12.297925090738604
14087,61.347095072123416
2211,30.094250433562053
17641,71.81822906122515
3024,90.54562917470163
17510,92.78894415473154
1310,66.29355130320559
11010,78.85597359683536
1009,41.064427001621254
8736,62.60296298969663
3653,9.77760372636467
6400,47.00240412489865
17701,8.784279048819442
8380,59.75303984840083
17511,26.10519043327395
5841,46.94091470398769
7384,82.2599198256115
970,75.65022109208302
12513,20.737090228006572
13095,31.61306084943194
4313,34.31639455209571
4050,23.150764313806448
17827,74.79733714031747
8985,24.201528907104773
16044,24.723416982096612
5749,58.930365115992046
5550,71.61451759896981
7945,25.532010655749836
16726,31.549371279860527
14639,62.13004098399584
12994,8.081352697677469
12461,50.80763111052282
15714,52.06570558362111
15806,61.09461571041332
6033,79.12044806456284
14655,48.91420436623657
10790,92.90300876338385
10376,76.88410938696113
2122,24.694854244527843
6590,96.64684923727145
10036,97.36047935738048
9296,70.22145366580378
8666,36.82915969626268
10157,31.994897052173567
16394,55.11678336091245
8930,80.60456196401698
4170,72.7001696204549
13876,18.86834989029975
2344,70.46567787462297
3910,44.86485175239605
17487,10.884103941684176
9280,75.82976155782019
8189,30.2005944151282
2327,56.91959330658383
17222,15.533936283487826
7505,8.176756687494846
15289,11.665653215274297
4799,65.6779339248251
16226,45.392885716542565
1458,44.55824127859619
12910,83.0183958676236
9071,42.8872774511605
16989,32.07147675925741
11337,51.37776221790331
7400,79.18657493812181
14075,68.8533608147326
9138,70.2266744621957
10003,49.11779970304283
16563,64.6768807313086
17179,71.65598031967005
1940,71.47845141177888
4548,12.66800327958676
15483,40.265896609758514
5437,33.31759751584542
15620,88.79833529505137
279,94.21243656205304
8351,71.42654402082404
555,72.46251010435023
16143,78.11463008400274
1351,64.47939923307948
4707,29.133038868448402
8301,23.189857580017005
11088,58.58786365199858
11376,15.649168519029965
2045,48.79046998389806
208,88.66672894681224
9620,11.994365065847013
3094,95.5756803260752
1107,70.90565938881201
5894,57.614415323173816
13991,27.075445894023353
13358,13.357085153399417
14801,41.8416784152857
14969,87.27942896362234
17463,22.532193310712024
1743,98.03020007658479
17580,14.077823695499603
2842,47.97862678386772
16395,36.483012231095955
9254,12.256039760573412
798,26.513591611894892
12685,8.27260978039992
16492,97.89219160364398
7365,29.086957490631903
6408,79.9517100951614
11398,98.15361945323069
14614,56.834398866153165
17159,67.51271613141671
8862,72.27381825514908
476,66.37225347693236
17639,84.38495182018488
12617,17.199207588608445
7330,68.98533897868533
17433,44.03926857196815
9681,60.72505011441633
15669,17.340357808989438
14796,37.11632759272332
12610,12.62073861635573
2939,79.69651250449688
5164,68.45454735389941
11211,16.50916663672125
9690,51.05238752865853
2553,45.65302490991468
13423,12.058937904278322
9274,39.17104029282517
9024,87.05713158633169
15548,83.24052511668131
1989,17.670387033916278
2298,78.84695013918252
6413,74.18520317171404
13533,43.389497363320096
14632,95.12833803440635
5715,36.8947682727195
7327,64.13445669235301
11275,76.70779121581846
17786,60.27604159388553
11264,2.428532096254299
12270,87.78094117123273
9612,96.78858066148162
16536,42.07514894264356
676,31.513483259216734
13199,34.55776089818078
13339,1.6673867349600968
16129,3.3589535861322073
8145,72.40432049369491
15005,46.616013679704274
17789,62.354069901011385
11433,76.07213932386647
4800,84.31422686090876
10858,36.4722589858138
16974,61.22233638493736
11633,33.918180271495245
11385,98.92418305313488
496,56.51330556887806
1548,48.40125948986621
17372,17.997690517603605
2088,28.045505905901692
17239,39.38812415121306
12190,30.440442639011433
16486,51.624251255584454
8836,82.7158004377519
16761,79.51045215549111
9160,81.02932907534668
11,71.03110079253887
16688,27.802853672957184
11426,16.15824527102624
11720,99.43905229718865
13994,82.72130067475473
15269,99.20473168467684
7676,70.38244415612675
4639,53.240112339479126
10850,28.94759744220815
3039,87.55998224884296
10016,56.192901128129655
9285,0.8579383173695776
7429,33.13391823613486
13001,10.922951123075864
4125,17.054141750071537
14617,53.29636867905783
15625,55.65796207455607
16291,89.96798437415357
14241,98.68811005865781
5505,79.31250811850845
6309,91.91176847420178
1125,52.56609069821248
4566,61.60367169968018
8931,16.763670712401503
8371,44.93201176364449
2110,96.53798228175916
6714,56.69932289745964
7939,92.86494362096235
551,9.496526441086106
4876,86.98656172326432
13929,51.97112750388205
7318,38.5640497446897
15171,52.81273604708273
3792,85.03194592626976
15197,77.38875886887826
15314,3.179713433220621
5327,15.284263298992219
327,56.67192973282644
638,70.99562527476779
5774,78.23441388119491
13357,55.619291723225786
3334,93.40609992920419
8354,10.311179865960906
15848,81.39561609764834
12754,95.2892615710527
5588,47.21924056282487
17776,3.366685795549662
14824,87.54564773668861
11218,96.40002382732597
11965,18.628810193475985
15417,13.0819848533684
6114,4.997718808307039
1988,90.8008175394384
5110,47.1756142840275
1560,80.27548614490433
11677,30.6510695844915
6204,54.3602539727465
11977,48.11496734944248
6997,96.1095179245198
11346,2.035966304144321
4882,33.42670743919358
7996,49.18825449330598
16250,89.92960586543722
5283,79.2176880134476
3287,54.106481212970046
4938,14.438157502849503
1596,79.82392749299024
15069,92.12959225783254
336,15.568674652213154
7978,84.16035500934447
532,7.840795951675384
35,80.93712745762727
7257,18.588138414771326
13129,66.73880130214738
13908,72.32730828621182
17131,94.70740895723854
10605,64.72991643994345
15965,71.68361783382221
899,3.3132168177776755
4758,47.87789130167172
7828,46.239773652110316
2899,0.5933446155289679
16998,12.779646216473395
11393,95.43690321307447
7402,84.6491862104649
269,70.33111819789636
3628,91.29265923668576
6341,26.33343157929796
2622,1.9293524495599401
2291,9.045903246806485
6199,92.4473882871322
8191,37.00577940348755
4744,80.85543250243943
10980,93.56747370143789
15629,63.978057201345386
5525,13.080103528670062
9458,24.84923268759831
17247,95.73157677272725
10886,60.070831658696136
2203,48.82347176139432
11278,43.94531654310965
10923,77.32785405559422
17144,51.21943104555853
3309,2.9447953979277353
14870,90.21961489324882
4910,62.8470756809436
6188,95.30238008158645
9032,67.36733641687985
17859,34.95371361487468
6407,68.94310738739921
14428,84.08778996569546
3577,49.00219384403633
558,87.0734751796264
1010,10.82836486571499
6905,98.64522289753339
10413,67.24637130275002
14073,95.21241848744285
3142,70.01279168011224
11950,38.928713941648965
14899,6.360219788274146
537,15.996804056435021
5228,3.9120498032473083
1134,73.54983519830346
13013,74.18529440612625
3935,63.87820872692467
12909,15.159515380091793
2811,14.275215031783972
14497,52.1449791212524
11729,18.48548480717922
5538,27.64753307241702
15301,56.70842881240606
8044,90.20707364758061
8438,13.693934663209683
6479,60.64757150626687
7833,39.48752012530852
15989,81.91728763421648
3180,60.87747589971817
1717,25.92622992852174
9940,70.06270306629371
14404,19.397489106354804
17286,7.294406227483674
5718,56.665908625575334
17702,38.50525330082074
3170,31.427959664173244
5293,92.57457769178919
1067,19.66311644590606
15351,31.260486975575763
7269,68.7972707252909
11291,4.856453081594725
13713,49.83194859530731
17427,47.91739449499204
7795,31.811398297898286
7309,33.79149416662565
8416,22.23826788034161
17737,11.272510344456588
1531,69.23680339185275
920,36.68551275203674
324,76.64515736272098
890,91.80297117312548
10124,42.214275971810686
17697,24.844796918439705
13331,16.39971724716114
17788,69.82866775911864
10601,12.378600067631085
15907,16.400249937729473
14884,29.2715680888459
14168,16.101198212785693
9404,25.355240616489716
8536,89.69310745647387
469,29.07533353444546
7355,33.71877291290922
11923,80.13189751133638
7476,9.33604288380815
1792,40.490817724109704
10822,17.82251437011826
649,20.267267166037527
14303,53.24327199113149
14479,4.08183268176524
2829,94.89331804585261
10725,14.291060154087154
900,95.43025665257184
7442,69.99824828868977
5393,97.19247129631411
4931,37.6071871549317
17507,77.75538555940794
2976,20.959528148095742
2686,26.119227458534255
9731,50.1117556773822
719,16.272018293329026
12828,61.70920583699069
17468,67.31435664325515
10940,89.22757352098061
10162,38.72876443608432
1710,49.75234963938105
5256,74.4599164589122
13093,18.27370754483548
16923,81.14962610078652
11800,46.67486359429051
13949,19.68837697340825
6555,58.98427189768356
872,54.22065903306269
16290,78.23585308978322
1622,99.58714450181142
12146,38.597425146809364
5440,50.70646025597472
12931,60.11140531537427
13403,25.044491913850564
596,32.836812762473386
17089,15.271319495472923
14235,53.67915027966907
16266,43.78882907070001
7964,34.763230815591584
9406,79.007718039863
13158,59.90247010079618
9708,27.005714791965087
9955,2.0284490074890082
4616,39.864273185534046
15393,7.569827203725166
3641,47.624837659181395
5040,11.882682326067062
15336,16.71173247658301
14821,58.91755718920223
1594,66.95545312508204
7804,14.062165153075213
12028,72.7162687225018
11710,20.253880530405443
1527,64.27879159963746
9486,0.45026782984027847
3857,36.328578586219315
9205,81.96673702062228
10933,28.027105543342323
7935,50.71272125318775
12210,20.920788413128655
3895,12.216059087008135
8895,14.313675766490984
9283,93.90433449445004
15588,76.16358415726167
8082,76.00955181470451
1022,8.240251833006674
9788,3.414634474141587
7043,73.03820131092918
6453,81.05695300634189
11103,64.44931481026322
2198,23.23380993614196
7644,9.879091162391118
12305,86.38373926211807
3920,89.82499711398567
14534,11.792335699440915
13485,9.442134544084336
5162,95.18060400903914
10317,50.62043342191208
7146,20.439395480174426
7283,13.654808012459508
4560,25.04673366491127
15087,69.76648911070566
1097,2.6173518990845412
16705,71.16617825171522
7906,71.16751944774194
7768,75.09439542355283
8397,49.82776989609759
10171,88.68956880201601
9513,68.40060414986252
1004,26.720570032334756
2977,67.46293363480443
7513,49.185227460019476
12197,19.849913894904393
16237,33.983821551539705
6886,43.31130626809782
11435,36.26380549106152
10763,52.34151902171327
10470,56.53261976228635
12878,17.101691933666785
6617,88.45503841074027
1660,48.60782134413153
5910,49.41308407794038
438,35.751927607224644
3974,26.302435428925186
9815,26.928461911765755
6580,73.1528216966551
16348,53.27157209367678
10506,98.2195133192005
6207,70.79428331653106
15326,59.277787353465214
12032,36.852557696862576
783,84.29875634676975
17865,43.45532848802465
14910,35.61828140413563
17615,69.18356215080675
2064,30.778751175986773
3139,17.678947074780194
4171,41.49555689647955
14732,83.19215866746136
2668,63.75401958010654
17259,90.31947618594765
16385,62.11705040665591
7307,91.8921413527285
5793,24.404313700901547
4410,37.45800068212345
6848,35.83668167455372
14347,1.4669111085511055
15643,72.57764432016889
3728,45.87760064910287
14829,97.88646650656531
15382,36.48161645925685
17504,99.12171637058744
16973,53.87510837595876
5147,35.694869497146065
8010,58.86177138035711
811,55.22305976943876
15367,72.58034169048045
11430,88.39472914921409
15062,18.096798941355598
15238,77.29559854668697
13558,56.54297645337645
5006,44.36208605775208
11446,10.332477999282741
8997,3.107324600001793
9135,18.610138845003867
7682,6.095164310491096
954,22.381950223057856
7148,11.263778682054316
3643,93.97795055447214
4886,22.471353566082243
15175,27.197167268682676
5438,90.97196746487269
7596,89.75962811272446
11674,29.917737060354977
4865,74.3610301819116
13418,77.30397069955032
4005,78.74925421881824
12318,65.65493571383917
4529,59.08174524596084
6681,10.330756920346818
7615,19.086528494418264
8155,63.467278835972486
14723,56.7099359478847
2492,84.05978075600925
7313,96.51346032496559
16288,87.19169626911038
15022,42.13813716770092
13067,23.976501822345842
1358,86.58512057122728
6927,64.09806970854586
17583,90.49961788297405
10548,62.34795176345711
1848,75.32155557686355
5300,69.8877555427125
5907,20.08796075752156
1730,9.648388788699979
17648,63.25567802372787
9720,74.32891995382084
8769,69.07251652239358
17269,45.300364065673485
12443,92.0678130035457
8436,39.87342293755876
14894,49.767103293031525
7705,14.846147909192275
11237,82.36210680719877
9651,48.03562943443096
4482,42.54930951071281
16689,83.64513998773941
3996,6.606104651976907
2364,35.46789414131706
13004,27.316223422458673
14716,63.98869103312268
4597,59.25357565214077
11560,63.35249535147256
12557,4.914137907516636
11407,75.24796581926505
5261,40.68869169500932
11832,91.22554661918485
12196,45.10539276814202
5211,48.87763090912342
9634,59.0980199987128
3675,45.45186287706304
17565,44.99173049949219
11240,49.40763945318246
5682,71.66611167266666
4692,68.0969060047227
510,56.39787154935533
12894,31.936572415186358
1241,92.15249258890644
6396,86.83099419170831
14763,99.77081149462123
3550,42.52855233750186
9451,24.681022355309445
717,21.429506122693155
9066,15.697657629912854
5782,87.27890429381773
772,10.27631166031826
2580,31.49471925583879
11770,31.67688658514586
14119,11.554715610467003
9364,76.90223613901185
8151,87.24180061466936
8661,63.85763723773679
3709,52.46182405729325
12684,75.97636509037788
7472,14.71744194693374
12312,78.33754940856045
4600,64.85311538733043
7972,18.715226092507077
4447,35.63809861086782
2644,45.15268082784147
1372,19.343307928862753
15191,59.2016584011428
16201,97.89918175478614
14822,62.40862002663723
8270,76.42425155796907
2326,39.470176561906634
6074,20.036735667703176
8719,95.47458697787516
1057,29.777096919264622
379,70.34062635310862
1497,95.38721555886421
17249,84.97061021980647
150,84.4122618311112
8596,67.44289132068641
13858,6.989796262720304
11667,12.2954420602275
3505,86.61299566637395
9707,21.532103736361584
11239,29.641920344469952
17381,40.218138410277945
3635,2.731061097960086
3236,99.3382235275246
1609,29.927377932485633
11219,52.28448519686994
340,87.21620514477283
17080,26.486443516549553
9769,90.12016875327447
12625,98.99302401924731
11523,76.55398371004397
13412,25.147987038219977
16258,31.847071085659596
8715,53.52086121327806
7960,86.98337411927767
16241,29.205975469823255
10661,44.4260164206763
10283,40.00215657091988
123,40.14903571011501
6025,84.46055138879876
2767,7.057006014646472
14727,98.12229824770237
5965,33.0281337768181
3660,17.68727223311015
16142,22.34297078123353
7305,14.021651209543961
17280,40.128785919119935
5491,72.42066486427517
5722,32.908795141385696
8841,4.826979833344969
5480,16.212174946481362
13993,83.28689633231265
15260,72.33428451147745
6567,72.2465237689683
15138,41.99930964901193
7202,55.82157637750538
17912,74.88015248252422
11169,66.7320504866683
16963,29.222128237052125
9865,27.304243780118053
5419,66.00344715015703
13127,16.008048583589797
13374,16.05797222413674
3770,71.8467472868838
892,16.768396669587737
17941,64.01750170361254
1324,37.6707149917178
7632,12.087198912744135
3301,4.629071017412922
17795,13.0036569456217
11648,17.15199468266907
1290,51.84644558699865
15189,97.30389413612275
16403,95.50949389291954
4722,71.3080072889936
17791,46.23935250178023
7417,6.196095680880598
5703,72.02952107162909
17229,47.90356927074679
16022,52.2662837025141
12221,53.44374026101211
154,16.62123693829396
561,8.900185863379406
9814,0.12329611582090338
2073,64.66949529601476
3267,99.5459001676679
7678,36.49962225181254
5532,25.305053963708023
1725,71.75111801337201
2652,4.851618715977191
8883,74.03908393346795
10870,97.82588160193097
7089,87.59394594769344
9121,45.25391402477158
11878,74.6402620417117
3361,43.32875493209332
14176,16.53481200281589
8214,98.85582767816157
7071,23.524207632966544
4650,93.03012516612321
17595,62.224331272706046
17430,99.18768733409483
4213,28.562604013030636
3930,56.9145123421943
7679,77.44584179663828
17428,92.73807295089271
15827,46.535212138334025
11798,60.02615934727055
10584,20.26735389952652
14966,17.076662581988565
11014,81.31802323586169
8711,53.18149988767246
16268,60.09901335254536
9545,83.71641605744595
15822,52.441366663138034
8720,63.80899172640575
8974,92.07941822498249
5864,25.693166500791175
1459,97.66228433105981
14013,92.21784243317065
14322,35.98066666071434
7385,4.715669684765322
1809,69.33550460531698
16112,77.18107143801194
13819,59.98011876233568
16548,50.706112801224876
16140,5.023870836136757
3936,34.36045172210663
14848,96.65366973174542
17126,52.738041726610405
8701,22.98483154965093
12660,88.4217690252586
9820,95.94012853725454
1238,58.63247100814915
3279,41.6406723892142
14990,77.28047297266707
7794,36.65952289627364
10264,25.178539092570297
4315,89.70138776709264
13673,67.95994942984478
16196,82.98120408092817
9009,66.68125065236032
10547,4.37586209507489
13827,52.771087714807706
6299,92.8854156645346
11138,0.38886935548425594
9134,33.54825405752575
6029,7.701512205871008
3494,43.17046818186693
14854,66.77453531398469
9930,35.06846954778534
5109,31.079410816079534
14663,64.0384771134839
12895,65.92848737022845
11743,96.89373988678376
7702,9.538493757933676
1250,6.815432820568401
4764,70.03538738431317
5892,8.041625678997
13452,48.11996672227588
17730,50.321279407810835
477,77.09105609084939
12932,58.54426059401226
10277,15.412063744713933
10859,79.90971846864848
2519,76.08426572441564
16615,37.515309475045534
4858,11.458702227131212
8049,85.98016171813303
14245,4.4979102454629105
14336,81.03619213183265
17345,97.57929174930945
3215,70.61432749038403
4530,48.24545209740969
9142,1.7591938562254827
13550,92.32273329017988
3441,72.38576742659832
13632,33.98897668551014
1960,78.48665611036536
387,59.42712192293156
17814,2.154243870254957
1901,19.64288461262339
3667,78.2162811170804
6497,20.621117299206926
11339,53.583941664054414
3258,62.57587198461012
13635,80.16096181848468
10153,75.58751807199351
10241,82.25162531963709
15593,56.71766566488932
12799,62.92112602886159
9785,0.08744265707457677
14596,22.845510313343866
16211,69.06224186553045
4440,22.378165797509343
14750,27.741491635450753
13802,37.09348711091275
14325,4.247922176371722
10981,96.34069629742477
4733,22.082393691224933
7582,66.43604843302298
13666,61.60079134895496
11724,67.31295654638494
13478,44.51449629504155
10365,71.43782350259784
12107,62.28750372930622
3475,22.727875869719927
17306,68.46968886756368
2578,28.244532134962064
10220,29.627854184849056
101,13.252781211275689
17841,38.417746729240086
6332,86.91201846097914
17217,91.59455988755305
2924,81.34373800111413
9999,44.270920101393166
4131,88.89950308077744
11083,92.71363658646364
1393,34.58860301969047
1707,74.99073963270581
10066,74.19198446675098
3011,64.43002965517836
14911,7.125165932109612
938,86.035173716626
15861,43.84908743414101
17026,82.6274870072433
9503,54.29672836671321
11055,51.59805073743403
10492,67.15576728502292
3424,35.2993209314227
7684,60.356489145140536
156,16.530125998712986
2,91.77188654788355
5053,90.38132652419145
7093,23.22680740759945
9287,21.093200160987568
16512,80.6982071595455
5647,18.85091769157602
2228,93.72661461927103
15433,50.49399539702052
13922,58.5732132050674
6018,2.1825201973199815
17086,64.68609138851026
3295,29.616888754827997
5493,33.19691288790726
7871,7.898229495283804
6420,6.101735182473112
341,16.27750903242562
10435,55.6042795934251
16994,56.33393440290011
11953,97.6630629833573
6008,95.07091529467463
14227,38.0380101164828
30,5.081811493923604
6791,35.204845952065455
10353,97.37846304024532
10550,48.31051627342482
1873,13.093489438365868
11474,65.82027840687687
5698,14.678046481788598
495,79.59523001797359
16110,8.575274348281214
12773,68.94672720390113
14174,33.29419812691573
17765,9.652720744691212
5397,70.00059406615394
13755,4.9973529232795855
16371,99.13719751331796
15994,19.07601716424424
7333,47.33754754950823
4134,60.68383993541337
12505,57.64162527587244
10099,21.541418695699953
16215,11.662082171434541
7238,69.6000847314282
9302,25.321632963427398
7091,67.86729540751877
16806,14.983967049993552
878,46.79408487740048
15329,91.20856557256778
16020,55.98853387017344
9278,75.09648826134236
1181,37.19562015711829
16126,63.700455021948784
518,76.95473689306289
4742,62.58659267111114
17233,69.16984334900738
10039,8.997257442036332
5947,58.814999994363546
1663,46.88396240492367
27,34.468605525440765
6327,25.966983392663366
14043,3.7373460718447604
9117,18.26608822599226
1890,24.953142748792345
16552,46.81996658624231
4808,67.6955196208291
13586,15.583785467561306
12187,51.67729650735941
12112,94.59352463667493
4187,77.28516722161982
1721,39.79180148961136
5412,77.22912445727358
9747,84.88089932197389
8928,39.61000456463316
8348,65.5683061088287
6676,25.03745903830734
14157,76.45733324480511
7294,90.25907703807373
8569,98.29101103607077
3810,66.5766101364209
11451,60.15868482170285
10610,62.28407553802967
4770,64.32279050445742
15397,64.93000164207174
14471,19.801781408478046
10711,60.23404413819414
12962,41.00210211599414
2727,58.568713944472705
13715,20.448886744149586
16190,22.167440747675283
1481,14.631701053646795
15258,31.716209853430133
7175,95.04315540132353
17192,53.794487196528905
17640,24.914606445180176
11068,21.902177086644492
2930,44.01730892613496
47,64.22971492440725
8203,20.76150473779508
11723,86.17064220116426
5220,69.59506896835813
12600,8.079044339074027
14033,5.904840460630334
821,73.15901361939169
4394,16.22917393496437
6993,3.4236652825099467
10427,99.19297758633495
7411,45.48303563490188
15821,48.503235281741944
5578,28.061404920020948
129,76.47454027216433
15759,71.77566900230276
11592,10.647894390832679
3425,41.2686666578956
7890,74.35871329358532
3290,48.94176447305517
9840,29.79407039893439
12228,75.36576338999222
46,37.240468473053845
898,93.17877667742242
14062,36.79183911781996
10295,12.079192351056466
9022,62.08080416372269
7381,49.905576688450196
13711,87.8666581323953
7687,37.79604884468887
13687,26.439580955734066
15783,96.18851154005299
13443,19.106944868663323
10251,34.666538693231885
2232,57.335446810637
1703,19.221894782309924
7201,21.13572908182755
11946,65.02087899885288
17544,95.11240320657686
14715,0.47800996200362267
15313,25.313717345203244
11983,73.64397453025177
15123,72.58965453904466
17547,73.1921426925418
13220,40.341274792874636
14890,63.962317259769904
11332,12.481369519870212
17920,97.90024939729308
16108,27.724850030229753
12465,60.401657909588224
9115,74.27525633015166
1529,20.81590251595069
2253,71.59176958648926
5586,79.5876756173373
6193,28.206959537765986
8317,1.5656348985801816
3415,27.55545326509402
2223,38.00827377583421
9755,19.346079059575427
5126,73.73859219466136
6116,99.50766607881903
2812,32.25422828177855
10629,71.06256881922029
6152,52.66872826245432
5663,93.04899087701467
4371,84.80610916479048
3141,12.046231234727788
13043,5.520673050433578
1388,20.88215283913342
7717,50.835301714366246
16305,13.734426330388949
11876,75.56993664193028
1966,43.92850134619145
14114,77.26997810297026
15881,25.716322379912082
10223,76.79815062372259
8751,55.55827146074682
8753,94.56252739890438
6469,14.968935650749115
1061,62.70430460745763
8929,29.762374496170573
10922,46.06314363169266
715,31.781726048181014
9704,39.32371848369297
7027,71.79698548369402
17451,70.1682369227851
2639,26.411690552315726
17951,17.94182200142943
5005,72.45394574501634
5651,49.895387079269284
6325,23.446807883936295
6923,40.94534372401797
11624,61.78400646438104
7035,68.9998924454285
11021,37.12779560206183
17416,92.8064787150096
15425,28.003481589460733
9709,90.9337297253201
10866,50.301220514467936
15023,40.821254184338166
8859,54.23058171631933
6559,0.9302382424897782
5140,24.974936927733648
1033,96.27645069977714
593,34.0229595427432
17693,71.59867904715611
3933,55.97320520504575
1915,0.4666701880491564
5367,28.01781175676522
11664,57.58456797279676
16487,93.17385902538882
2093,90.83555957730678
17230,75.18679286401839
6214,15.704115687025544
9412,37.669906918256714
4864,82.95861533387374
1826,93.01462730273727
13160,2.3415726350908606
15828,17.121109764641684
751,74.58461980980636
13198,51.43934018602872
16392,10.466977847031444
8938,8.341761036874518
12230,66.90176847313572
4400,1.8250052812016526
7197,26.669053035815573
1702,19.16574813293218
8717,31.818479199096483
3932,17.268597188091373
3867,35.561032941110085
17551,34.58006040633711
2810,35.963212193615036
3745,93.36604933217937
2627,44.00983098202753
7612,96.03283309464362
2265,31.34482425696026
3458,28.9672655036482
5376,20.25655853600834
5316,37.09030207315607
4674,5.706529321178355
12374,70.90024327985523
9797,85.61345125683896
15422,40.018040015905534
10783,89.97367090736948
6427,15.115164120209212
14878,73.17017290521953
17491,21.13706262655459
4710,65.52571865402604
15561,18.380292349571057
4336,70.2087587241572
7241,1.8651098117653087
14626,26.790407007248973
3089,6.563038035692825
16530,32.19177317757068
6954,44.55625878936126
11904,9.45359449173555
12601,87.22884764959527
8664,84.62333066163093
3077,2.624208782504045
12211,15.547998676504315
14376,88.79732179452071
15121,38.138860157336865
13181,43.11165631777624
8582,78.68259615359214
11325,33.909359804720005
5527,12.137763929291467
1248,81.40032777042285
2169,2.0601115059393105
881,75.09898107611171
10169,3.1786758161411743
124,88.96628246067179
11153,14.836560536290854
9961,6.967519748431039
12491,26.666394048889018
2392,71.41725496086866
14455,42.22321907718401
5124,96.34377289330584
12919,97.62333944588889
2518,13.722187333075253
14965,86.52345690912993
17559,62.56677487052035
10481,46.59624177671608
14139,95.41392940331151
6059,60.48607714459472
14579,6.525221024299233
2917,43.233812291628674
17207,74.94103171907265
2148,97.12327474738225
2356,54.106128725528556
90,23.61695148866869
17284,45.976972201391284
14297,66.11953226372684
103,14.26221076077624
16754,30.248432696022654
8907,8.699054756673464
493,80.9888792728076
11927,37.854000884097836
17180,0.2652447244165579
10551,92.20830266078718
5394,57.32603054428945
9771,94.72378664266225
6501,44.3154544096507
12300,5.138386148510776
9729,88.69289805361707
11722,83.24507135177862
5562,85.78094076719421
2415,77.1959607544686
7943,91.85801545992794
10320,63.77508146775892
1860,39.36696298703167
6447,0.3346328279901778
13859,44.73263567933139
6870,16.986004845487656
10225,40.280837293459236
4252,72.87096005012252
14963,63.25666458389786
4242,7.505374200230753
12050,12.755732682264142
17796,49.088993320952156
2572,26.320316013795917
8533,42.523267437858806
5619,16.9854681016953
16660,61.47741142966344
17459,21.21355245072367
15294,31.02045924919088
4588,69.48063728027456
9308,5.363215123662879
654,59.36382294895333
7824,77.19369239492703
15284,70.70760926681268
11649,99.8475367010776
3043,96.67054590045639
11327,73.4790302609354
15922,15.929004191576668
17052,53.076800509429965
11637,55.04761712820452
17541,21.063573358984677
12170,61.36701869448156
9875,95.96250183606821
14190,85.996735544951
10507,57.097662377230684
17699,32.54935614992544
11962,45.16275821097524
11806,41.38217348561255
12802,11.121913648109294
9697,23.753153748361143
13155,20.899927940087395
1062,85.57139390345722
6194,88.55765806729636
9533,33.37613299812568
4495,29.280385510370486
6499,61.824007192719264
15940,79.7259257178988
1510,18.112025114994136
973,62.40555409435159
11935,47.23847044432748
5304,21.210263047876264
4986,65.80490500783773
926,4.7230383898036905
1881,75.64252636889998
5786,75.61346722707555
9474,27.30500293785294
1786,9.478372402962176
16134,47.793081387264394
10271,7.630188014955763
5010,88.38324550459275
6790,20.019961476241267
15384,81.08693072194669
16366,58.35779669484117
6304,97.86631022535148
646,53.06250804350038
8741,86.59547790230386
11107,85.29808521248007
12934,79.57771010854302
4334,88.24310979315645
14383,35.64051361540058
9521,22.071177117427055
17864,69.54417998025026
2874,36.96379984067636
1961,45.69806940893444
16983,28.47626223865195
8657,96.0383578798935
8310,52.652192711373104
7299,99.49825338301365
4234,30.494850200074943
10415,6.254289266510882
5643,35.157751301136706
7673,80.49926332660476
3941,8.934093111980923
11091,21.560414969462084
4905,56.20523222087152
14074,12.396802635917936
15878,64.72512438186551
6875,62.38664588955144
549,5.737350441940836
10681,14.99877969862683
14785,73.80462797804135
3686,32.22257464788121
16576,64.40767099639122
7252,73.98086201963463
4020,18.280515454133106
1841,79.29857095649689
15338,81.22396092246923
10350,83.5407024210999
5825,85.83968628707095
8067,0.2984368879752064
5666,67.81548798915993
12561,12.37228635441243
9976,36.975535051091526
15910,49.767943085178366
4638,39.21775015975846
5705,77.28860881978954
11419,68.7473760789728
1315,20.640368653123698
10280,34.53368003011564
1506,32.6461844174795
3878,19.59758432428935
16084,89.5510323460659
381,48.38234013351066
370,16.544929362344728
16127,21.116994335212823
8881,77.0987804408432
13573,24.6400647819491
7379,10.601081537477064
170,30.703315134923127
16624,96.3184146146103
14575,64.39579385336364
10215,22.309192420160617
5087,60.92576559405699
6777,76.06230334605063
12119,50.08877315538619
6999,46.2834385747893
17012,91.91426808325002
6851,53.59175674103645
15447,26.087629231292485
6610,24.194109488363946
14088,28.049131985802013
1039,9.596774102446016
6183,67.93846854643145
10410,62.6558198231545
15469,81.2181022540848
5827,18.332403456879575
16999,97.49747495717091
2522,96.67046291290711
15855,87.98774883378383
2785,62.50010109039443
17735,32.24373462713027
10918,56.89832359307728
17263,4.669983387293996
13623,70.57669911762129
4815,31.26367434005105
3328,1.5374561062501124
9734,96.6272477673321
2005,77.46500907680785
5728,33.480490168487556
4260,7.4880899567191905
1262,22.149297223550736
891,48.12263091696075
7085,33.78218210159745
509,1.725746059944877
7310,70.33789049448227
1745,94.34566813370378
3886,47.836329373523846
6474,74.65913793715632
12817,59.68341317515733
7749,98.9000359259964
11661,20.79685680710086
15993,15.850545091203328
2667,86.03347098420015
225,48.091074825702016
17000,0.9835243214514677
2358,92.95225151933768
15116,93.9489396351789
14229,31.853074043264428
6353,56.83704017390604
7413,5.380893820317956
7855,40.26698185080173
15516,16.75281969779361
11810,97.720051708028
10057,78.79364677662825
11668,52.5343224440178
14265,26.287799105737754
3921,54.08243014356924
12322,22.675421832343158
14272,15.665283331180824
385,0.32112721112836917
14607,13.857296532863872
3404,40.65982590225885
7068,45.245896873609645
246,27.52800330109516
1979,37.649171326648215
2446,79.21334754890933
11195,46.92844503570658
261,75.38455610764507
6319,26.253440760409642
15067,78.81513164730129
5865,38.17634044078556
12875,71.85605128734828
13167,2.8091135825951685
2777,57.02973003097529
11053,58.44967759339874
17380,57.238387951624745
10814,90.1276551683076
14134,95.95360650534302
4871,9.743957041606322
6816,73.35483673474724
16047,72.31508908597183
2116,8.604431028372982
15293,35.78384375308284
16347,93.45657039535928
14014,50.5433506192881
13252,91.73753722109173
7896,52.93933503650021
8037,45.12351544313478
3311,97.9919830937843
16120,47.78170149381067
5187,13.59613829553814
9307,23.359962596323324
17748,29.321712136553437
12003,24.15947597761221
6505,7.990885882774002
17421,60.18105353353249
3856,75.5082101338998
7742,39.947726821032944
11631,68.66775718792195
15635,39.252920585951024
4302,11.059272504186147
1162,52.739617254593604
7899,61.4127933890367
3122,65.69034720159932
14187,30.732349206045328
7648,90.5084573543946
17441,32.195002034613616
3115,73.60106481752817
7104,98.17078719910101
6306,23.31353536965395
1810,12.337758614059025
1222,62.330975084462494
13107,21.20339583394435
16948,25.644884929941504
13517,9.898954851491194
790,86.72340212108112
5639,57.09446472606832
8353,9.5812433680884
8889,99.95482197479605
1030,88.09139737730659
9498,22.98638208391197
10717,8.858952687875943
13787,92.72986898748177
9696,21.639387351421536
5646,9.354167712240047
12897,73.63662515497094
7293,46.809948141349075
16666,50.37939793744485
15504,51.460200078585686
16904,93.7326263817561
11351,34.71483681844065
8505,9.55730358829353
4893,38.420532488232375
13077,82.65334917693121
8131,91.21698532046184
14698,31.848866041359926
13015,9.450730817182308
5282,59.14951644577885
9867,47.01793998731636
7602,89.80158550786068
1584,49.95781373681939
919,21.139199616781656
3659,10.006613025055167
16016,42.851336857372004
12901,39.358916816256915
17138,3.527026918817422
12681,9.455090256793252
17341,27.447837304003954
3174,30.368765435964807
13627,67.54907167401078
7477,1.8825976704949565
8795,78.82818389970548
2478,60.660706208071026
4684,96.93671961906429
11960,85.73107287191729
5577,31.35575197237861
8901,72.71698340922018
9328,27.597099096667023
484,68.99830425729233
16682,24.834501824872433
4881,16.803748882308312
9476,76.40876927800058
15349,50.28405611696296
14843,41.20461822347485
10573,27.813908419624767
15601,53.41759552667127
11289,59.70941368399376
5912,39.898134187624045
16753,13.306390084364361
2349,30.148737602957777
16472,2.2547345347928016
8777,56.669075511915764
11587,21.24979984757236
3900,28.828498836671322
10827,35.86105527850406
7376,20.42509985673312
7862,89.44635218405398
6009,35.685073064604126
15309,96.74181680521598
3854,72.7159466171734
2525,27.80338783055957
8585,82.44559732533816
927,33.484124994170664
4841,31.375986364690668
9803,35.578563426310296
1289,99.38910383918032
16743,43.27667166962625
2494,60.68262168327602
5953,95.56553105070643
7157,19.349629712807204
6616,13.01234057099384
9342,95.11812518605393
17007,87.98944831727971
17806,49.143104462595886
17939,12.112365179476903
5114,42.071527530494166
13613,21.79059219137538
9084,66.93095887133921
8446,65.75548191885973
6596,30.593802599050967
3463,44.18088047026859
6537,93.48213133474148
15174,53.39989126090617
17560,90.35412379378953
16830,93.39694711602962
6379,8.338781984422717
1948,81.49594922602735
5845,90.4167346450476
9581,85.73930194494487
8190,66.90378495008108
13503,85.32255650784025
5713,97.38884964792871
17932,94.30985255795822
10583,68.09339207123115
7149,48.69039455861215
10726,14.640043148110859
17907,87.64431495714302
6356,81.59096131311519
17130,62.50858197242242
10759,60.44716352668349
7876,82.75490462233293
8705,17.19678580410774
14051,18.309613053513786
17522,3.688484526263691
1526,28.05401846914991
13248,88.65421236584855
9470,22.359670602293548
22,27.552791332003622
10609,67.30198773804969
12302,96.46165339556912
11509,4.704178584874152
5783,35.7511653843369
4771,68.10007026879369
2137,74.42336114928209
3633,85.25109057663502
8295,72.36482180388312
9919,74.96627396632022
1552,73.94990730976237
3944,44.90164470363728
17266,0.29920187213047233
5490,48.86676825339452
14296,54.84850007437719
9454,36.84205365407337
17778,96.64808521077327
3865,97.74647841230882
12821,81.67162830848997
5935,18.506700087332597
8264,81.96656450820076
13612,57.84608950916065
10135,52.145205872505095
5459,13.088950346168037
9878,51.47301667696511
17308,1.1447166780858553
15924,9.141457170041111
15758,97.10026322454624
6148,16.30125918081513
1455,2.518733679416485
6487,79.34216920129444
11998,99.05844129434246
5354,87.80742053074279
1024,55.49445906610712
6963,62.77938282600736
5151,90.79961189670087
10604,70.64819500147996
11778,86.11076887296267
13631,37.65609068621415
12923,76.37255744792533
16641,1.5332374792051628
13313,91.19477196101437
10471,99.6782293199455
16458,0.103401146557347
7842,88.2302625665302
362,36.80639347314061
11171,38.43109423410612
1235,22.8715779988492
14779,70.45303401475273
11440,22.517464146354627
9942,81.58779431263564
981,57.48368020188881
9687,25.4148120919822
1833,5.469117605119578
16009,63.9611097225946
9078,43.850659476073375
13075,58.329455276404595
3332,66.91982306347965
10897,63.81501991873695
4472,2.1377571446156707
15039,7.045391450622707
10787,15.669897113959209
7459,14.99444808608601
2407,50.74361274177147
14946,28.13114664213362
4974,84.53937470210484
17763,58.406017822917654
3079,81.97881303120232
15761,98.75656480674787
10643,46.60607765081419
102,61.99737824920021
14900,92.96185961186364
6346,47.8930861144948
5301,48.97923298440744
11191,70.74734382193809
8427,57.97859577421317
17571,15.735773220668802
15777,98.68644557309545
2794,4.070178428145288
12422,96.56064105814065
14828,91.45196983812102
14295,91.11782439475807
10890,38.60180506695308
13191,45.673397975654275
669,78.79985866225651
5800,45.29741651855428
2254,52.06049999056934
7277,75.90897457858277
6070,31.169263253324676
1846,36.816702522060766
15781,23.37288608817407
7304,31.9219189939294
9043,89.01415664064413
6454,9.367424571743898
4333,8.186352568568978
15670,38.82367832393429
5013,80.7503940369109
17117,90.56139137160174
13340,14.848996309548113
14286,59.23003094413597
45,92.39914260366629
14395,48.31017939097666
9906,28.566600423281997
17290,82.25098128787582
7038,22.523570481183885
6554,87.20215827488364
1777,46.92685305618025
12183,20.271476922214394
2375,72.95276269690262
17727,33.38899821122393
14709,71.34994534845681
11793,63.40354883245814
6690,21.125453285265582
6704,17.14082458752194
12940,1.266033425709523
15884,28.464007999312603
10327,86.22132992358783
12531,9.003507311899506
7714,25.02845780182159
12215,99.0203613077125
3329,4.945018642082866
15448,26.636833921579072
4555,30.213282284268672
17761,70.81533970456222
2945,22.772560148129863
1306,81.88042512391327
6897,72.13909423720833
50,33.403894852500486
2177,76.72324258276275
201,38.178218531783074
9123,67.54236780925822
10745,70.75505394318196
4645,62.15523757840368
4119,61.72029428899894
14269,9.801830080846807
8456,66.47972349894347
7849,94.78632943530697
11194,0.838155973386856
14355,83.8238461452406
3071,54.729597259486575
10574,5.4967905832434045
14268,22.772518237395577
1604,65.56415969008098
3734,19.06455980412748
5465,34.80607832551424
2050,97.57250538245744
17593,64.36106090023277
17855,87.68052245335628
131,60.35354976285958
965,71.58364651949603
11011,46.976483217009026
6440,34.65204323339574
12492,90.73846575747692
166,4.5239001744687535
6958,45.16279606230371
2337,8.772689572565206
253,4.347186171317663
3235,99.36927510165076
6586,11.10205847836343
13972,51.24547964475694
14219,4.917217907494697
3780,0.6082422223114725
16078,58.5713962822072
7589,30.14245557974523
10910,7.274049695961093
1349,20.930580900044838
2310,70.41039034451958
14369,26.70664302964968
12241,75.52493419035923
11442,93.64480192858295
7114,65.47950757465958
17124,75.669623559979
9038,63.55066720590445
17946,3.251551604783609
4110,98.41241147617039
8266,19.810796226194093
3321,61.971644845328846
3696,5.361466901087242
9910,78.98026255464352
13817,47.680286318782805
197,53.127078214598654
1192,96.23397582865151
8766,22.32207729975769
6775,23.61244586176109
1103,92.69398319570547
14324,61.72265309379087
15931,90.0972803518472
1709,32.34704292162657
8162,30.521706308399377
7545,34.931653908492336
3580,19.881896044430757
9091,87.74673894656684
2025,37.13966484708568
2802,84.5690669325059
14451,18.032812221955062
10554,27.102009124509486
14301,6.578420415124819
17488,69.88974782987756
3991,46.7630994319834
17599,49.590883665775166
4126,78.10750921939503
8053,26.323607337551593
7617,19.82242825122832
14697,53.962652608405826
16338,63.267163754351095
7947,94.31629141782555
971,79.76969741526734
2927,68.8588816778448
5387,50.49400183789928
8289,10.310793430952959
9601,25.5108819185611
1304,19.39713859473097
1196,80.96615543490351
14777,58.38455996024723
7129,69.72789999984644
16493,74.83972098721736
3983,74.93058350849991
516,45.12816848661244
11969,32.55741865939367
16378,38.7676536211483
14778,97.1764706277612
9673,75.66781482552058
13447,34.51229642648269
1156,17.655235077736386
9310,33.9045430105858
3735,31.882370386463034
17898,37.550200393989954
8018,63.450152014049564
15895,9.771805954136969
11576,76.63059917419295
14955,67.50956672403066
49,70.90717336805989
4009,83.3857262569016
5857,53.920124327903615
9969,95.2202128696786
10957,23.497422229333498
15230,36.965107131270656
5521,32.94898814700914
3392,63.01648645589758
17711,80.15768335924858
3090,8.491342821118831
12885,32.43711865555711
14146,61.0659699200054
7737,16.39968656648978
17741,49.38663160122794
14438,29.282235207680884
2350,48.47405736328382
13851,38.24763252534732
2493,78.94194247309085
14628,34.8347920860118
11665,30.76910732785707
8108,16.566060596548027
6566,5.233311959543297
12507,2.1986160812522026
2671,18.771797031159654
13625,29.317097199920518
14499,10.142102647438412
8444,17.685630475360558
17224,16.284798325204786
13235,3.295117989961993
4948,66.26598099856498
6166,30.692996629972814
2429,19.707752742176233
13137,9.480857528893416
10524,73.96786995107712
15788,2.1082458441355367
13763,40.131892644228905
13145,31.31811725630511
4787,9.323721208441993
7178,94.81547864342592
5207,77.23194132315918
4751,63.08772537778795
13708,67.5263000255874
17743,83.86555583165826
6763,34.02001721294206
4688,12.22749488215774
7432,39.580673918954815
13746,87.19203125175873
5315,50.561822444184536
1409,48.29886247101063
1261,4.063622155918423
14975,76.62541676349561
16663,89.35382922709637
11478,38.974283233358896
5362,57.69757657579089
5535,9.09582223954738
16765,71.12441683279098
3903,82.20334827931282
11660,98.78490976872834
13565,96.45572369092812
2319,6.377296290858247
7554,39.90705832516004
15986,57.60054488922226
7651,11.817759242407288
11058,67.38597134566177
15496,55.000624844491774
9045,86.37587948791918
10825,88.1015738937767
9284,64.95484382703721
7638,3.4314331553308763
13369,37.20180095048434
975,76.97243679699902
3185,55.67749680525763
7839,31.81055053710492
16230,96.41705677024946
1277,15.230773257460262
6289,98.56281849838986
9693,68.64195072936204
7977,10.786773641233705
15632,31.581462648820334
1704,34.143705912092884
8458,5.162076901444001
17331,30.901660461627866
14141,92.58779273467181
13606,24.437711222841795
10340,10.431118040695619
8712,97.43981507290543
15074,14.562442349025396
1285,68.39619594590427
6702,31.51317503536952
6985,68.5698448761826
824,34.443953029798244
12640,66.82216482334415
14094,26.749817549254207
3208,40.7892540916645
8422,49.70876827950129
13725,46.523716723116216
13255,7.6265897611715205
9493,42.0633035977202
7003,42.69743585771499
17692,26.402888690446822
4417,74.42185293902752
10372,93.62827142164161
1070,56.59706690840424
6882,31.64620449039196
9584,33.84328777766802
8688,86.257128474585
34,34.184661190947644
15925,99.04462791977701
1637,37.187523679732706
12311,70.34204909743784
9959,81.6373426483731
7306,93.7616976623369
13325,68.72691609490448
8102,38.748709070283596
17732,64.29794831133299
5131,40.455832999517874
8674,97.60007550542883
14350,65.26291843358139
5160,16.312269795718326
16747,86.85418479929497
4177,29.384722066775737
10122,18.429318474930646
1802,37.56138431238439
10229,20.810007067852045
13117,79.71902344493273
15549,82.51221260095141
1140,75.70911363542668
13275,16.06441867430425
3869,3.471933049171927
3794,28.01210714122818
6111,68.68490980766438
15663,21.886601394285798
5942,55.55541250012802
15423,17.328398944486946
514,88.82963005482755
11069,13.036022003091063
17458,93.4815115876817
9750,26.863084012947404
2955,25.212602638068336
11858,40.55365299624724
13952,19.447510716909477
14401,70.92737851124996
11676,74.99264921036445
8130,85.90924216419026
13757,11.287485097933192
3372,88.41502197339088
13280,52.725488098176776
14431,15.858535725655242
12974,13.973679677441664
13811,40.637473850257486
11038,19.3234153930988
15435,88.7830870769895
13241,5.299083925396797
12982,69.46038665141299
7142,99.46578676989391
16442,90.94918311955304
13229,65.88766368483712
1176,14.403894172694987
17,49.34477123664398
8150,24.592900759294444
16051,83.37921712257057
666,90.89604838275882
15280,93.631098441072
7771,52.92798197074025
13907,3.46485906837789
11114,38.81289884524946
13203,81.01885479087426
10077,37.367157356745906
16825,49.625310743955644
2104,21.153850213952307
912,83.30319026184772
5787,96.59255954307515
9505,9.440422533541515
7326,49.74188551054991
16771,1.3626790360389052
3806,13.166568645403665
364,87.93836480492446
7258,96.11726660609297
16251,63.842394282976
5692,92.99751725149203
7352,44.15061342689876
10567,10.331512286527488
6970,40.12509760256076
17821,55.522826811747215
8158,83.55490594294244
16502,36.87642247005803
665,27.054927486350387
6317,18.155228606228025
11389,72.61798871385247
203,13.526132051374395
1274,56.71943960483791
6600,99.77164736650559
11956,65.9257808446618
6467,6.102360534531748
15110,8.041215861989903
17916,64.97176817977665
6736,14.356715691131694
15364,86.2103722372414
9240,35.37552852173501
15634,84.66569647487886
8713,51.61399984199245
4423,32.098620958538106
10,78.06959373910387
2827,48.269491933258415
6115,26.25057359074581
9431,74.00913266133125
2678,67.67808424790769
9003,20.958211110767166
10637,4.825967167553391
3201,2.281151565737305
420,63.418175549493384
6491,64.82191247875572
8508,31.039757065936392
1476,77.31159129296272
6042,34.872526949152515
17279,28.459966397718482
11121,81.04638353598055
7963,86.07255353155749
6921,60.1395155601046
7285,64.01826100780987
16821,87.552533041735
6455,17.162232191449476
2325,28.419149763793282
10000,29.63993111362624
4517,24.092946357418153
6909,46.85319068353172
3140,54.84344435436896
16752,86.48109096541934
11932,80.58257609295421
4240,47.064268487552766
12077,93.8129654491365
6683,31.554109220306938
11238,79.83948650211515
397,30.827219839066633
6109,26.018146750053972
17096,96.17767034636258
15853,40.29128415769869
6607,84.10562029612146
11726,91.49091693756513
14306,20.62545939871152
6430,45.99026647019849
14323,69.71871817830824
14994,73.7317622616243
2793,87.24883983520463
13609,93.56440043907928
13918,39.76558995203631
16966,14.155173554771372
3508,45.87849326068563
2920,42.085800140625885
7916,90.39322901752604
14684,31.521610281274214
2233,83.32775052832434
1912,62.02065514146785
7279,17.360646635607612
531,49.27630373440744
7366,11.80606318408125
56,59.51462093584146
5021,39.56642140608443
8659,98.71370082259541
5217,5.335167737563806
7143,39.47507339462095
15721,37.3815824709018
14299,58.41551127052892
2585,48.53737804559586
17657,53.98022885969785
12114,35.05976750793655
14564,74.43371816178195
229,51.43009487806103
15264,35.0240490402982
4557,71.08238015826056
5979,51.90944318108656
4153,98.2536401281794
8523,92.99685785681676
759,71.4315896542446
4408,59.70812556727913
16732,35.94829526072755
16631,36.107246882535215
17253,41.605686746613635
16028,41.11781766131709
4927,11.756003652109658
8080,78.00924605240368
5061,1.1261308379406754
4043,61.18369895585476
14488,29.78054895838965
17321,0.3425217711483075
3407,51.22062753706839
6785,91.72052177427031
14125,14.136872085703999
15065,94.92866879256472
3445,66.79733805609686
16426,49.647771473072865
12236,7.437678463925956
2738,7.491072512500841
3820,36.40318633973851
4475,39.08706794956838
7897,50.144348373167006
15536,73.62196336954622
10478,22.093350401317323
4659,22.436298713888505
12289,9.863569849221843
4562,63.91132941712281
6489,33.09861866765635
17698,41.253826715823195
10390,2.1831255803743788
10631,21.41792702607419
1511,20.67792886741885
8738,25.724971195901112
7511,89.86102445757005
7207,2.9543096298313976
16321,35.154657791978714
14706,56.07187130006815
8491,67.52642123468131
9483,30.80992929572517
1706,51.91397468632704
1129,64.14235087833121
613,89.81696256395473
11682,84.58300699304857
12701,45.113085140400464
2154,27.47142769690507
6164,68.21645449084232
2144,68.02644585304836
3178,88.29867657796085
4189,76.16459526336486
4470,30.420012758025685
15509,12.668069641240088
2560,70.86096205608165
953,9.274483529610766
17520,0.7155253134967454
14115,70.05504830573528
11450,83.0271248013424
1575,35.685156849197554
5155,75.45682061387484
10204,33.68565166349058
7929,8.863217400852196
17610,57.410703579324526
1608,24.800533944874392
2346,96.87222325007515
4926,37.491061359807745
13304,88.78128381996883
10259,28.98757540174427
707,4.880127075044682
8485,13.147811805806576
2409,51.69022665752644
6753,25.138821846368064
8514,29.53696188637305
15991,10.315151230655662
10982,43.39830005991363
4884,50.450846855177524
16788,56.168428376605085
16099,34.083255292343885
5250,2.426106416567275
7446,82.90603436854974
14138,18.888415593275464
10230,56.27340860026809
4945,4.445281099372112
11498,34.94396219340764
1877,52.79061661305503
8391,92.62988897500786
12514,77.84534282810634
6980,48.721793102854946
3387,83.82089461396933
1675,53.43531064668392
13532,13.18467166390571
1716,19.423070311445844
10836,45.91222415794704
15702,15.361455497432763
2756,98.2400119991962
5517,94.20122716260558
2041,94.1115846153593
9558,65.63043490918828
3136,24.481097773429504
6813,16.1820206531782
436,31.9907235120515
9554,6.37259275691272
5149,43.42274898888988
8802,9.456564797702994
5337,54.12926219550216
4971,65.95168423299262
6967,74.90968464234243
12096,91.45640719837404
2604,22.836545686996303
14726,90.53310850841748
5439,26.922382698376126
16883,46.640293477353424
11652,46.92432175026398
14349,21.64549518130654
10222,73.59323509106042
17396,33.987541504693574
10126,81.09888287944739
9861,17.51766906832731
9266,37.15643684932392
1734,54.51430425005144
10332,12.693535517828513
2001,98.22243320695665
5289,50.79081057036182
14584,38.90153984429021
15439,3.751432964363244
2053,91.96069283755376
7777,93.99286778723571
1063,88.50297160266382
4114,26.14825179424507
9953,39.79627312319168
10452,2.2059030443777106
4716,98.80892006161619
6477,41.01414227068412
8048,60.254461245255776
2725,17.120072446113944
9445,55.44624743162467
13794,57.658352876095385
12790,16.979913517152557
1259,17.924665969961783
2980,83.42802638224597
10770,76.53822450661232
4455,89.94383073781745
14287,36.69549171466541
3874,24.851067810594152
7210,73.77558002641898
15906,27.916781809272607
17344,48.01920416366124
16449,13.919188267465843
5880,77.87948961623673
17397,25.922158517908468
7922,37.01703943070008
17291,60.569908689583606
11520,58.56983773591256
3704,61.627095497309966
5,94.12165057096055
6026,60.517683134997405
2024,30.633908083468107
6776,28.101711458461164
13224,7.564466738646858
9242,5.0947273508043285
6435,5.936364628271673
12254,60.683899538276385
15975,91.50440523326743
4575,79.93049164837205
372,93.01707186407745
515,95.88354124880306
4093,64.65985536291888
2675,11.296688854727376
8531,66.56033681647624
17486,12.563362622825169
392,72.60471079099158
7580,63.88967430227471
398,37.18890578951716
12425,62.04394577391198
5584,34.817598776007074
4629,22.226908519627
6123,80.1317719583027
664,75.11493887953685
4238,69.5816190565273
